platform,group,capture,threshold,totalPixels,differentPixels,mismatchPercent,regions,match,source
ios,first-run,a-vs-b (density 1),0.1,86028,0,0,0,True,evidence/ios/26-diff.json
ios,first-run,flat a-vs-b (density 1),0.1,86028,0,0,0,True,evidence/ios/30-diff.json
ios,first-run,warm-1,0.1,774252,0,0,0,True,evidence/ios/37-diff.json
ios,first-run,warm-2,0.1,774252,0,0,0,True,evidence/ios/40-diff.json
ios,first-run,warm-3,0.1,774252,0,0,0,True,evidence/ios/43-diff.json
ios,first-run,relaunch-1,0.1,774252,0,0,0,True,evidence/ios/53-diff.json
ios,first-run,gross,0.1,774252,4277,0.55,1,False,evidence/ios/59-diff.json
ios,first-run,gross,0.1,774252,116292,15.02,3,False,evidence/ios/60-diff.json
ios,first-run,revert-1,0.1,774252,0,0,0,True,evidence/ios/63-diff.json
ios,first-run,realistic,0.02,774252,10179,1.31,3,False,evidence/ios/66-diff-t0.02.json
ios,first-run,realistic,0.1,774252,0,0,0,True,evidence/ios/66-diff-t0.1.json
ios,first-run,revert-2,0.1,774252,0,0,0,True,evidence/ios/69-diff.json
ios,first-run,relaunch-1,0.02,774252,0,0,0,True,evidence/ios/6x-diff-relaunch-1-t002.json
ios,first-run,warm-1,0.02,774252,0,0,0,True,evidence/ios/6x-diff-warm-1-t002.json
ios,first-run,warm-2,0.02,774252,0,0,0,True,evidence/ios/6x-diff-warm-2-t002.json
ios,first-run,warm-3,0.02,774252,0,0,0,True,evidence/ios/6x-diff-warm-3-t002.json
android,first-run,relaunch-1,0.01,821760,0,0,0,True,evidence/android/103-diff-relaunch-1-t0.01.json
android,first-run,relaunch-1,0.02,821760,0,0,0,True,evidence/android/103-diff-relaunch-1-t0.02.json
android,first-run,relaunch-1,0.05,821760,0,0,0,True,evidence/android/103-diff-relaunch-1-t0.05.json
android,first-run,relaunch-1,0.1,821760,0,0,0,True,evidence/android/103-diff-relaunch-1-t0.1.json
android,first-run,gross,0.01,821760,265916,32.36,2,False,evidence/android/108-diff-gross-t0.01.json
android,first-run,gross,0.02,821760,208505,25.37,4,False,evidence/android/108-diff-gross-t0.02.json
android,first-run,gross,0.05,821760,118661,14.44,4,False,evidence/android/108-diff-gross-t0.05.json
android,first-run,gross,0.1,821760,65051,7.92,2,False,evidence/android/108-diff-gross-t0.1.json
android,first-run,revert1,0.01,821760,0,0,0,True,evidence/android/111-diff-revert1-t0.01.json
android,first-run,revert1,0.02,821760,0,0,0,True,evidence/android/111-diff-revert1-t0.02.json
android,first-run,revert1,0.05,821760,0,0,0,True,evidence/android/111-diff-revert1-t0.05.json
android,first-run,revert1,0.1,821760,0,0,0,True,evidence/android/111-diff-revert1-t0.1.json
android,first-run,realistic,0.01,821760,14686,1.79,1,False,evidence/android/114-diff-realistic-t0.01.json
android,first-run,realistic,0.02,821760,9336,1.14,1,False,evidence/android/114-diff-realistic-t0.02.json
android,first-run,realistic,0.05,821760,1830,0.22,1,False,evidence/android/114-diff-realistic-t0.05.json
android,first-run,realistic,0.1,821760,0,0,0,True,evidence/android/114-diff-realistic-t0.1.json
android,first-run,revert2,0.01,821760,0,0,0,True,evidence/android/117-diff-revert2-t0.01.json
android,first-run,revert2,0.02,821760,0,0,0,True,evidence/android/117-diff-revert2-t0.02.json
android,first-run,revert2,0.05,821760,0,0,0,True,evidence/android/117-diff-revert2-t0.05.json
android,first-run,revert2,0.1,821760,0,0,0,True,evidence/android/117-diff-revert2-t0.1.json
android,first-run,warm-1,0.01,821760,0,0,0,True,evidence/android/94-diff-warm-1-t0.01.json
android,first-run,warm-1,0.02,821760,0,0,0,True,evidence/android/94-diff-warm-1-t0.02.json
android,first-run,warm-1,0.05,821760,0,0,0,True,evidence/android/94-diff-warm-1-t0.05.json
android,first-run,warm-1,0.1,821760,0,0,0,True,evidence/android/94-diff-warm-1-t0.1.json
android,first-run,warm-2,0.01,821760,0,0,0,True,evidence/android/94-diff-warm-2-t0.01.json
android,first-run,warm-2,0.02,821760,0,0,0,True,evidence/android/94-diff-warm-2-t0.02.json
android,first-run,warm-2,0.05,821760,0,0,0,True,evidence/android/94-diff-warm-2-t0.05.json
android,first-run,warm-2,0.1,821760,0,0,0,True,evidence/android/94-diff-warm-2-t0.1.json
android,first-run,warm-3,0.01,821760,0,0,0,True,evidence/android/94-diff-warm-3-t0.01.json
android,first-run,warm-3,0.02,821760,0,0,0,True,evidence/android/94-diff-warm-3-t0.02.json
android,first-run,warm-3,0.05,821760,0,0,0,True,evidence/android/94-diff-warm-3-t0.05.json
android,first-run,warm-3,0.1,821760,0,0,0,True,evidence/android/94-diff-warm-3-t0.1.json
ios,re-measured,gross,0.02,774252,116292,15.02,3,False,evidence/sensitivity/ios/gross-diff-t0.02.json
ios,re-measured,gross,0.1,774252,4277,0.55,1,False,evidence/sensitivity/ios/gross-diff-t0.1.json
ios,re-measured,realistic-1,0.02,774252,10179,1.31,3,False,evidence/sensitivity/ios/realistic-1-diff-t0.02.json
ios,re-measured,realistic-1,0.1,774252,0,0,0,True,evidence/sensitivity/ios/realistic-1-diff-t0.1.json
ios,re-measured,realistic-2,0.02,774252,10179,1.31,3,False,evidence/sensitivity/ios/realistic-2-diff-t0.02.json
ios,re-measured,realistic-2,0.1,774252,0,0,0,True,evidence/sensitivity/ios/realistic-2-diff-t0.1.json
ios,re-measured,realistic-3,0.02,774252,10179,1.31,3,False,evidence/sensitivity/ios/realistic-3-diff-t0.02.json
ios,re-measured,realistic-3,0.1,774252,0,0,0,True,evidence/sensitivity/ios/realistic-3-diff-t0.1.json
ios,re-measured,reverted,0.02,774252,0,0,0,True,evidence/sensitivity/ios/reverted-diff-t0.02.json
ios,re-measured,reverted,0.1,774252,0,0,0,True,evidence/sensitivity/ios/reverted-diff-t0.1.json
android,re-measured,gross,0.02,821760,208505,25.37,4,False,evidence/sensitivity/android/gross-diff-t0.02.json
android,re-measured,gross,0.1,821760,65051,7.92,2,False,evidence/sensitivity/android/gross-diff-t0.1.json
android,re-measured,gross-probe,0.02,821760,0,0,0,True,evidence/sensitivity/android/gross-probe-diff-t0.02.json
android,re-measured,gross-probe,0.1,821760,0,0,0,True,evidence/sensitivity/android/gross-probe-diff-t0.1.json
android,re-measured,realistic-1,0.02,821760,9336,1.14,1,False,evidence/sensitivity/android/realistic-1-diff-t0.02.json
android,re-measured,realistic-1,0.1,821760,0,0,0,True,evidence/sensitivity/android/realistic-1-diff-t0.1.json
android,re-measured,realistic-2,0.02,821760,9336,1.14,1,False,evidence/sensitivity/android/realistic-2-diff-t0.02.json
android,re-measured,realistic-2,0.1,821760,0,0,0,True,evidence/sensitivity/android/realistic-2-diff-t0.1.json
android,re-measured,realistic-3,0.02,821760,9336,1.14,1,False,evidence/sensitivity/android/realistic-3-diff-t0.02.json
android,re-measured,realistic-3,0.1,821760,0,0,0,True,evidence/sensitivity/android/realistic-3-diff-t0.1.json
android,re-measured,reverted,0.02,821760,0,0,0,True,evidence/sensitivity/android/reverted-diff-t0.02.json
android,re-measured,reverted,0.1,821760,0,0,0,True,evidence/sensitivity/android/reverted-diff-t0.1.json
android,re-measured,sanity-before-break,0.02,821760,0,0,0,True,evidence/sensitivity/android/sanity-before-break-diff-t0.02.json
android,re-measured,sanity-before-break,0.1,821760,0,0,0,True,evidence/sensitivity/android/sanity-before-break-diff-t0.1.json
